#{"t_start": 1734962107.466563, "env_id": "Walker2d-v4"}
r,l,t
-16.812921,12,7.089054
-16.800145,12,7.091528
-16.870032,12,7.093955
-14.45816,8,13.982489
-14.370857,8,13.984511
-14.394374,8,13.986011
-12.87141,7,22.547416
-10.941049,7,22.54931
-12.893067,7,22.550772
-10.957717,7,29.361307
-10.905887,7,29.363214
-10.993594,7,29.364666
-10.499593,8,37.790793
-10.547794,8,37.793309
-10.516206,8,37.79498
